"id_pais";"desc_pais";"codigo_alpha2"
"ABW";"Aruba";"AW"
"AFG";"Afganistán";"AF"
"AGO";"Angola";"AO"
"AIA";"Anguilla";"AI"
"ALA";"Islas Åland";"AX"
"ALB";"Albania";"AL"
"AND";"Andorra";"AD"
"ANT";"Antillas Holandesas";"AN"
"ARE";"Emiratos Árabes Unidos";"AE"
"ARG";"Argentina";"AR"
"ARM";"Armenia";"AM"
"ASM";"Samoa Americana";"AS"
"ATA";"Antártida";"AQ"
"ATF";"Territorios Australes Franceses";"TF"
"ATG";"Antigua y Barbuda";"AG"
"AUS";"Australia";"AU"
"AUT";"Austria";"AT"
"AZE";"Azerbaiyán";"AZ"
"BDI";"Burundi";"BI"
"BEL";"Bélgica";"BE"
"BEN";"Benin";"BJ"
"BFA";"Burkina Faso";"BF"
"BGD";"Bangladesh";"BD"
"BGR";"Bulgaria";"BG"
"BHR";"Bahréin";"BH"
"BHS";"Bahamas";"BS"
"BIH";"Bosnia y Herzegovina";"BA"
"BLR";"Bielorrusia";"BY"
"BLZ";"Belice";"BZ"
"BMU";"Bermudas";"BM"
"BOL";"Bolivia";"BO"
"BRA";"Brasil";"BR"
"BRB";"Barbados";"BB"
"BRN";"Brunéi";"BN"
"BTN";"Bhután";"BT"
"BVT";"Isla Bouvet";"BV"
"BWA";"Botsuana";"BW"
"CAF";"República Centroafricana";"CF"
"CAN";"Canadá";"CA"
"CCK";"Islas Cocos";"CC"
"CHE";"Suiza";"CH"
"CHL";"Chile";"CL"
"CHN";"China";"CN"
"CIV";"Costa de Marfil";"CI"
"CMR";"Camerún";"CM"
"COD";"República Democrática del Congo";"CD"
"COG";"Congo";"CG"
"COK";"Islas Cook";"CK"
"COL";"Colombia";"CO"
"COM";"Comoras";"KM"
"CPV";"Cabo Verde";"CV"
"CRI";"Costa Rica";"CR"
"CUB";"Cuba";"CU"
"CXR";"Isla de Navidad";"CX"
"CYM";"Islas Caimán";"KY"
"CYP";"Chipre";"CY"
"CZE";"República Checa";"CZ"
"DEU";"Alemania";"DE"
"DJI";"Yibuti";"DJ"
"DMA";"Dominica";"DM"
"DNK";"Dinamarca";"DK"
"DOM";"República Dominicana";"DO"
"DZA";"Argelia";"DZ"
"ECU";"Ecuador";"EC"
"EGY";"Egipto";"EG"
"ERI";"Eritrea";"ER"
"ESH";"Sahara Occidental";"EH"
"ESP";"España";"ES"
"EST";"Estonia";"EE"
"ETH";"Etiopía";"ET"
"FIN";"Finlandia";"FI"
"FJI";"Fiyi";"FJ"
"FLK";"Islas Malvinas";"FK"
"FRA";"Francia";"FR"
"FRO";"Islas Feroe";"FO"
"FSM";"Micronesia";"FM"
"GAB";"Gabón";"GA"
"GBR";"Reino Unido";"GB"
"GEO";"Georgia";"GE"
"GGY";"Guernesey";"GG"
"GHA";"Ghana";"GH"
"GIB";"Gibraltar";"GI"
"GIN";"Guinea";"GN"
"GLP";"Guadalupe";"GP"
"GMB";"Gambia";"GM"
"GNB";"Guinea-Bissau";"GW"
"GNQ";"Guinea Ecuatorial";"GQ"
"GRC";"Grecia";"GR"
"GRD";"Granada";"GD"
"GRL";"Groenlandia";"GL"
"GTM";"Guatemala";"GT"
"GUF";"Guayana Francesa";"GF"
"GUM";"Guam";"GU"
"GUY";"Guyana";"GY"
"HKG";"Hong Kong";"HK"
"HMD";"Islas Heard y McDonald";"HM"
"HND";"Honduras";"HN"
"HRV";"Croacia";"HR"
"HTI";"Haití";"HT"
"HUN";"Hungría";"HU"
"IDN";"Indonesia";"ID"
"IMN";"Isla de Man";"IM"
"IND";"India";"IN"
"IOT";"Territorio Británico del Océano Índico";"IO"
"IRL";"Irlanda";"IE"
"IRN";"Irán";"IR"
"IRQ";"Iraq";"IQ"
"ISL";"Islandia";"IS"
"ISR";"Israel";"IL"
"ITA";"Italia";"IT"
"JAM";"Jamaica";"JM"
"JEY";"Jersey";"JE"
"JOR";"Jordania";"JO"
"JPN";"Japón";"JP"
"KAZ";"Kazajstán";"KZ"
"KEN";"Kenia";"KE"
"KGZ";"Kirguistán";"KG"
"KHM";"Camboya";"KH"
"KIR";"Kiribati";"KI"
"KNA";"San Cristóbal y Nevis";"KN"
"KOR";"Corea del Sur";"KR"
"KWT";"Kuwait";"KW"
"LAO";"Laos";"LA"
"LBN";"Líbano";"LB"
"LBR";"Liberia";"LR"
"LBY";"Libia";"LY"
"LCA";"Santa Lucía";"LC"
"LIE";"Liechtenstein";"LI"
"LKA";"Sri Lanka";"LK"
"LSO";"Lesotho";"LS"
"LTU";"Lituania";"LT"
"LUX";"Luxemburgo";"LU"
"LVA";"Letonia";"LV"
"MAC";"Macao";"MO"
"MAR";"Marruecos";"MA"
"MCO";"Mónaco";"MC"
"MDA";"Moldavia";"MD"
"MDG";"Madagascar";"MG"
"MDV";"Maldivas";"MV"
"MEX";"México";"MX"
"MHL";"Islas Marshall";"MH"
"MKD";"ARY Macedonia";"MK"
"MLI";"Malí";"ML"
"MLT";"Malta";"MT"
"MMR";"Myanmar";"MM"
"MNE";"Montenegro";"ME"
"MNG";"Mongolia";"MN"
"MNP";"Islas Marianas del Norte";"MP"
"MOZ";"Mozambique";"MZ"
"MRT";"Mauritania";"MR"
"MSR";"Montserrat";"MS"
"MTQ";"Martinica";"MQ"
"MUS";"Mauricio";"MU"
"MWI";"Malawi";"MW"
"MYS";"Malasia";"MY"
"MYT";"Mayotte";"YT"
"NAM";"Namibia";"NA"
"NCL";"Nueva Caledonia";"NC"
"NER";"Níger";"NE"
"NFK";"Isla Norfolk";"NF"
"NGA";"Nigeria";"NG"
"NIC";"Nicaragua";"NI"
"NIU";"Niue";"NU"
"NLD";"Países Bajos";"NL"
"NOR";"Noruega";"NO"
"NPL";"Nepal";"NP"
"NRU";"Nauru";"NR"
"NZL";"Nueva Zelanda";"NZ"
"OMN";"Omán";"OM"
"PAK";"Pakistán";"PK"
"PAN";"Panamá";"PA"
"PCN";"Islas Pitcairn";"PN"
"PER";"Perú";"PE"
"PHL";"Filipinas";"PH"
"PLW";"Palau";"PW"
"PNG";"Papúa Nueva Guinea";"PG"
"POL";"Polonia";"PL"
"PRI";"Puerto Rico";"PR"
"PRK";"Corea del Norte";"KP"
"PRT";"Portugal";"PT"
"PRY";"Paraguay";"PY"
"PSE";"Palestina";"PS"
"PYF";"Polinesia Francesa";"PF"
"QAT";"Qatar";"QA"
"REU";"Reunión";"RE"
"ROU";"Rumania";"RO"
"RUS";"Rusia";"RU"
"RWA";"Ruanda";"RW"
"SAU";"Arabia Saudí";"SA"
"SCG";"Serbia y Montenegro";"CS"
"SDN";"Sudán";"SD"
"SEN";"Senegal";"SN"
"SGP";"Singapur";"SG"
"SGS";"Islas Georgias del Sur y Sandwich del Sur";"GS"
"SHN";"Santa Helena";"SH"
"SJM";"Svalbard y Jan Mayen";"SJ"
"SLB";"Islas Salomón";"SB"
"SLE";"Sierra Leona";"SL"
"SLV";"El Salvador";"SV"
"SMR";"San Marino";"SM"
"SOM";"Somalia";"SO"
"SPM";"San Pedro y Miquelón";"PM"
"SRB";"Serbia";"RS"
"STP";"Santo Tomé y Príncipe";"ST"
"SUR";"Surinam";"SR"
"SVK";"Eslovaquia";"SK"
"SVN";"Eslovenia";"SI"
"SWE";"Suecia";"SE"
"SWZ";"Suazilandia";"SZ"
"SYC";"Seychelles";"SC"
"SYR";"Siria";"SY"
"TCA";"Islas Turcas y Caicos";"TC"
"TCD";"Chad";"TD"
"TGO";"Togo";"TG"
"THA";"Tailandia";"TH"
"TJK";"Tayikistán";"TJ"
"TKL";"Tokelau";"TK"
"TKM";"Turkmenistán";"TM"
"TLS";"Timor Oriental";"TL"
"TON";"Tonga";"TO"
"TTO";"Trinidad y Tobago";"TT"
"TUN";"Túnez";"TN"
"TUR";"Turquía";"TR"
"TUV";"Tuvalu";"TV"
"TWN";"Taiwán";"TW"
"TZA";"Tanzania";"TZ"
"UGA";"Uganda";"UG"
"UKR";"Ucrania";"UA"
"UMI";"Islas ultramarinas de Estados Unidos";"UM"
"URY";"Uruguay";"UY"
"USA";"Estados Unidos";"US"
"UZB";"Uzbekistán";"UZ"
"VAT";"Ciudad del Vaticano";"VA"
"VCT";"San Vicente y las Granadinas";"VC"
"VEN";"Venezuela";"VE"
"VGB";"Islas Vírgenes Británicas";"VG"
"VIR";"Islas Vírgenes de los Estados Unidos";"VI"
"VNM";"Vietnam";"VN"
"VUT";"Vanuatu";"VU"
"WLF";"Wallis y Futuna";"WF"
"WSM";"Samoa";"WS"
"YEM";"Yemen";"YE"
"ZAF";"Sudáfrica";"ZA"
"ZMB";"Zambia";"ZM"
"ZWE";"Zimbabue";"ZW"
