id_tipo_habitacion;desc_tipo_habitacion;capacidad_media;capacidad_maxima
DBF;DOBLE FAMILIAR;4;4
DBH;DOBLE HANDICAP;2;2
DBL;DOBLE ESTANDARD;2;2
DBLC;DOBLE LOW COST;2;2
DBM;DOBLE BAÑO MATRIMONIO;2;3
DBSP;HAB SPECIAL PRICE O LOW COST ;2;2
DBSUP;DOBLE SUPERIOR TERRAZA;2;2
DBSUPPV;DOBLE SUPERIOR VISTA PISCINA;2;2
DBSUPVM;DOBLE SUPERIOR VISTA MAR/FRONTAL TERRAZA;2;2
DBSUPVML;DOBLE SUPERIOR V.MAR LATERAL;2;2
DBTER;DOBLE BAÑO TERRAZA;2;2
DBVM;DOBLE V.MAR/FRONTAL;2;2
DBVML;Double Room Side Sea View;2;3
DBVP;DOBLE VISTA PISCINA;2;2
DBVPL;DOBLE VISTA PLAYA;2;2
DBVPM;DOBLE VISTA PISCINA/MAR;2;2
DUI;Doble uso individual estándar;1;1
DUILC;DOBLE USO INDIVIDUAL SIN BALCÓN;1;1
IND;INDIVIDUAL;1;1
INDLC;INDIVIDUAL LOW COST;1;1
INT;USO INTERNO;0;0
JST;JUNIOR SUITE;2;2
JSTSUPVM;JUNIOR SUITE SUPERIOR VISTA MAR;2;3
JSTVM;JUNIOR SUITE VISTA MAR;2;3
JSTVML;JUNIOR SUITE VISTA MAR LATERAL;2;3
JSTVPL;JUNIOR SUITE VISTA PLAYA;2;3
SUIFAM;SUITE FAMILIAR;2;5
SUITE;SUITE;2;3
SUITETER;SUITE TERRAZA;2;3
SUITEVM;SUITE VISTA MAR;2;3
SUITEVP;SUITE VISTA PISCINA;2;3
